<powerbireport uniquename="tadd_c4e9ed4f8b3a401181d1dcf48e7a8274">
  <datasetid>
    <uniquename>new_dataset_55d6c983-c7c7-4033-b520-2d28219d730d</uniquename>
  </datasetid>
  <iscustomizable>1</iscustomizable>
  <name>Products Report</name>
  <package mimetype="application/zip">package.pbipkg</package>
  <reportobjectid>dc946250-7ac2-4750-937e-a7c38eb6421c</reportobjectid>
  <reportoriginalobjectid>dc946250-7ac2-4750-937e-a7c38eb6421c</reportoriginalobjectid>
  <statecode>0</statecode>
  <statuscode>1</statuscode>
</powerbireport>