<environmentvariabledefinition schemaname="tadd_SharePointSite">
  <apiid>/providers/microsoft.powerapps/apis/shared_sharepointonline</apiid>
  <description default="Site Collection for the SharePoint Online Lists">
    <label description="Site Collection for the SharePoint Online Lists" languagecode="1033" />
  </description>
  <displayname default="SharePoint Site">
    <label description="SharePoint Site" languagecode="1033" />
  </displayname>
  <introducedversion>1.0.0.0</introducedversion>
  <iscustomizable>1</iscustomizable>
  <isrequired>0</isrequired>
  <parameterkey>dataset</parameterkey>
  <secretstore>0</secretstore>
  <type>100000004</type>
</environmentvariabledefinition>