<powerbidataset uniquename="new_dataset_55d6c983-c7c7-4033-b520-2d28219d730d">
  <datasetobjectid>bd1757d8-f05c-48eb-9347-498a9ea543eb</datasetobjectid>
  <datasetoriginalobjectid>bd1757d8-f05c-48eb-9347-498a9ea543eb</datasetoriginalobjectid>
  <dataverseconnectionupdateenabled>0</dataverseconnectionupdateenabled>
  <iscustomizable>1</iscustomizable>
  <name>Products Report</name>
  <package mimetype="application/zip">package.pbipkg</package>
  <statecode>0</statecode>
  <statuscode>1</statuscode>
</powerbidataset>