{
  "properties": {
    "connectionReferences": {
      "shared_approvals": {
        "runtimeSource": "embedded",
        "connection": {
          "connectionReferenceLogicalName": "tadd_sharedapprovals_71d44"
        },
        "api": {
          "name": "shared_approvals"
        }
      },
      "shared_sharepointonline": {
        "runtimeSource": "embedded",
        "connection": {
          "connectionReferenceLogicalName": "tadd_sharedsharepointonline_bf2b3"
        },
        "api": {
          "name": "shared_sharepointonline"
        }
      },
      "shared_office365": {
        "runtimeSource": "embedded",
        "connection": {
          "connectionReferenceLogicalName": "tadd_sharedoffice365_92ec9"
        },
        "api": {
          "name": "shared_office365"
        }
      }
    },
    "definition": {
      "$schema": "https://schema.management.azure.com/providers/Microsoft.Logic/schemas/2016-06-01/workflowdefinition.json#",
      "contentVersion": "1.0.0.0",
      "parameters": {
        "$connections": {
          "defaultValue": {},
          "type": "Object"
        },
        "$authentication": {
          "defaultValue": {},
          "type": "SecureObject"
        },
        "SharePoint Site (tadd_SharePointSite)": {
          "defaultValue": "https://softrixcoza.sharepoint.com/sites/Dev",
          "type": "String",
          "metadata": {
            "schemaName": "tadd_SharePointSite",
            "description": "Site Collection for the SharePoint Online Lists"
          }
        },
        "Products List (tadd_ProductsList)": {
          "defaultValue": "c92cd056-c8d8-45e4-9d1f-1e3277c60c7f",
          "type": "String",
          "metadata": {
            "schemaName": "tadd_ProductsList",
            "description": "SharePoint Online List: Products"
          }
        },
        "Approver1 (tadd_Approver1)": {
          "defaultValue": "conrad@softrix.co.za",
          "type": "String",
          "metadata": {
            "schemaName": "tadd_Approver1",
            "description": "Approver1"
          }
        },
        "Approver2 (tadd_Approver2)": {
          "defaultValue": "conrad@softrix.co.za",
          "type": "String",
          "metadata": {
            "schemaName": "tadd_Approver2",
            "description": "Approver2"
          }
        }
      },
      "triggers": {
        "When_an_item_is_created": {
          "recurrence": {
            "interval": 5,
            "frequency": "Minute"
          },
          "splitOn": "@triggerOutputs()?['body/value']",
          "metadata": {
            "operationMetadataId": "3627c1b0-3332-4cab-aa8e-0973179903b4"
          },
          "type": "OpenApiConnection",
          "inputs": {
            "host": {
              "connectionName": "shared_sharepointonline",
              "operationId": "GetOnNewItems",
              "apiId": "/providers/Microsoft.PowerApps/apis/shared_sharepointonline"
            },
            "parameters": {
              "dataset": "@parameters('SharePoint Site (tadd_SharePointSite)')",
              "table": "@parameters('Products List (tadd_ProductsList)')"
            },
            "authentication": "@parameters('$authentication')"
          }
        }
      },
      "actions": {
        "Scope": {
          "actions": {
            "Start_and_wait_for_an_approval": {
              "runAfter": {},
              "metadata": {
                "operationMetadataId": "8ee6290e-b575-4148-bfcc-bf55d9efb7b8"
              },
              "type": "OpenApiConnectionWebhook",
              "inputs": {
                "host": {
                  "connectionName": "shared_approvals",
                  "operationId": "StartAndWaitForAnApproval",
                  "apiId": "/providers/Microsoft.PowerApps/apis/shared_approvals"
                },
                "parameters": {
                  "approvalType": "BasicAwaitAll",
                  "WebhookApprovalCreationInput/title": "New Product Approval: @{triggerOutputs()?['body/Title']}",
                  "WebhookApprovalCreationInput/assignedTo": "@{parameters('Approver1 (tadd_Approver1)')};@{parameters('Approver2 (tadd_Approver2)')};",
                  "WebhookApprovalCreationInput/details": "@{triggerOutputs()?['body/Author/DisplayName']} created a new product for your attention and approval.",
                  "WebhookApprovalCreationInput/itemLink": "@triggerOutputs()?['body/{Link}']",
                  "WebhookApprovalCreationInput/itemLinkDescription": "@triggerOutputs()?['body/Title']",
                  "WebhookApprovalCreationInput/requestor": "@{triggerOutputs()?['body/Author/Email']};",
                  "WebhookApprovalCreationInput/enableNotifications": true,
                  "WebhookApprovalCreationInput/enableReassignment": true
                },
                "authentication": "@parameters('$authentication')"
              }
            },
            "Condition": {
              "actions": {
                "Update_item_(Approved)": {
                  "runAfter": {},
                  "metadata": {
                    "operationMetadataId": "e689b6c5-a3e9-45c8-8055-34127539d87b"
                  },
                  "type": "OpenApiConnection",
                  "inputs": {
                    "host": {
                      "connectionName": "shared_sharepointonline",
                      "operationId": "PatchItem",
                      "apiId": "/providers/Microsoft.PowerApps/apis/shared_sharepointonline"
                    },
                    "parameters": {
                      "dataset": "@parameters('SharePoint Site (tadd_SharePointSite)')",
                      "table": "@parameters('Products List (tadd_ProductsList)')",
                      "id": "@triggerOutputs()?['body/ID']",
                      "item/Title": "@triggerOutputs()?['body/Title']",
                      "item/Description": "@triggerOutputs()?['body/Description']",
                      "item/Status/Value": "Approved"
                    },
                    "authentication": "@parameters('$authentication')"
                  }
                },
                "Send_an_email_(Approved)": {
                  "runAfter": {
                    "Update_item_(Approved)": [
                      "Succeeded"
                    ]
                  },
                  "metadata": {
                    "operationMetadataId": "fc6dd587-eb32-4940-a51e-2013df9cc4ad"
                  },
                  "type": "OpenApiConnection",
                  "inputs": {
                    "host": {
                      "connectionName": "shared_office365",
                      "operationId": "SendEmailV2",
                      "apiId": "/providers/Microsoft.PowerApps/apis/shared_office365"
                    },
                    "parameters": {
                      "emailMessage/To": "@outputs('Update_item_(Approved)')?['body/Author/Email']",
                      "emailMessage/Subject": "Product Approved: @{outputs('Update_item_(Approved)')?['body/Title']}",
                      "emailMessage/Body": "<p>Congratulations! Your product has been approved.<br>\n<br>\nFor more information: @{outputs('Start_and_wait_for_an_approval')?['body/itemLink']}</p>",
                      "emailMessage/Importance": "Normal"
                    },
                    "authentication": "@parameters('$authentication')"
                  }
                }
              },
              "runAfter": {
                "Start_and_wait_for_an_approval": [
                  "Succeeded"
                ]
              },
              "else": {
                "actions": {
                  "Update_item_(Rejected)": {
                    "runAfter": {},
                    "metadata": {
                      "operationMetadataId": "3ec04b98-0669-467d-8806-824f012f6193"
                    },
                    "type": "OpenApiConnection",
                    "inputs": {
                      "host": {
                        "connectionName": "shared_sharepointonline",
                        "operationId": "PatchItem",
                        "apiId": "/providers/Microsoft.PowerApps/apis/shared_sharepointonline"
                      },
                      "parameters": {
                        "dataset": "@parameters('SharePoint Site (tadd_SharePointSite)')",
                        "table": "@parameters('Products List (tadd_ProductsList)')",
                        "id": "@triggerOutputs()?['body/ID']",
                        "item/Title": "@triggerOutputs()?['body/Title']",
                        "item/Description": "@triggerOutputs()?['body/Description']",
                        "item/Status/Value": "Rejected"
                      },
                      "authentication": "@parameters('$authentication')"
                    }
                  },
                  "Send_an_email_(Rejected)": {
                    "runAfter": {
                      "Update_item_(Rejected)": [
                        "Succeeded"
                      ]
                    },
                    "metadata": {
                      "operationMetadataId": "3565d451-8c87-4896-82da-2071150a66e2"
                    },
                    "type": "OpenApiConnection",
                    "inputs": {
                      "host": {
                        "connectionName": "shared_office365",
                        "operationId": "SendEmailV2",
                        "apiId": "/providers/Microsoft.PowerApps/apis/shared_office365"
                      },
                      "parameters": {
                        "emailMessage/To": "@outputs('Update_item_(Rejected)')?['body/Author/Email']",
                        "emailMessage/Subject": "Product Rejected: @{outputs('Update_item_(Rejected)')?['body/Title']}",
                        "emailMessage/Body": "<p>Sorry! Your product has been rejected.<br>\n<br>\nFor more information: @{outputs('Start_and_wait_for_an_approval')?['body/itemLink']}</p>",
                        "emailMessage/Importance": "Normal"
                      },
                      "authentication": "@parameters('$authentication')"
                    }
                  }
                }
              },
              "expression": {
                "equals": [
                  "@outputs('Start_and_wait_for_an_approval')?['body/outcome']",
                  "Approve"
                ]
              },
              "metadata": {
                "operationMetadataId": "ea8b7f5e-8150-494f-b78d-39316bd773c3"
              },
              "type": "If"
            }
          },
          "runAfter": {
            "Flow_URL": [
              "Succeeded"
            ]
          },
          "metadata": {
            "operationMetadataId": "8decb923-18ab-4044-a354-f1e09c51ac21"
          },
          "type": "Scope"
        },
        "Send_an_email_(Failed)": {
          "runAfter": {
            "Scope": [
              "Failed",
              "Skipped",
              "TimedOut"
            ]
          },
          "metadata": {
            "operationMetadataId": "8b6d76f8-3a0d-4106-9212-b2fe3d9438b0"
          },
          "type": "OpenApiConnection",
          "inputs": {
            "host": {
              "connectionName": "shared_office365",
              "operationId": "SendEmailV2",
              "apiId": "/providers/Microsoft.PowerApps/apis/shared_office365"
            },
            "parameters": {
              "emailMessage/To": "@triggerOutputs()?['body/Author/Email']",
              "emailMessage/Subject": "New Product Approval failed to complete (@{outputs('Update_item_(Approved)')?['body/Title']})",
              "emailMessage/Body": "<p>Attention required, your new product approval request did not complete successfully.<br>\n<br>\nFor more information: @{triggerOutputs()?['body/{Link}']}<br>\n<br>\nContact support for assistance. <br>\n<br>\nFlow URL: @{outputs('Flow_URL')}</p>",
              "emailMessage/Importance": "Normal"
            },
            "authentication": "@parameters('$authentication')"
          }
        },
        "Terminate_(Succeeded)": {
          "runAfter": {
            "Scope": [
              "Succeeded"
            ]
          },
          "metadata": {
            "operationMetadataId": "6967d862-ffd0-4e58-8ac3-1b03caed30b1"
          },
          "type": "Terminate",
          "inputs": {
            "runStatus": "Succeeded"
          }
        },
        "Flow_URL": {
          "runAfter": {},
          "metadata": {
            "operationMetadataId": "b17552b1-b327-494e-9624-6eba5e2f707d"
          },
          "type": "Compose",
          "inputs": "@concat('https://make.powerautomate.com/manage/environments/', workflow()?['tags']['environmentName'], '/flows/', workflow()?['name'], '/runs/', workflow()?['run']['name'])"
        },
        "Terminate_(Failed)": {
          "runAfter": {
            "Send_an_email_(Failed)": [
              "Succeeded"
            ]
          },
          "metadata": {
            "operationMetadataId": "f592a63a-3dd0-4e87-b15b-cbc2461bc1a3"
          },
          "type": "Terminate",
          "inputs": {
            "runStatus": "Failed"
          }
        }
      },
      "outputs": {}
    },
    "templateName": ""
  },
  "schemaVersion": "1.0.0.0"
}